Best,Epoch,Trades,Avg profit,Median profit,Total profit,Stake currency,Profit,Avg duration,Trade count long,Trade count short,Objective,swapper_long_entry,swapper_short_entry,swapper_long_exit,swapper_short_exit
* Best,1,3709,0.04%,0.010067694606869388,1.64567026,,"1,645.67",3:15:00,734,2975,"-1,583.29727",pro-negative,pro-positive,pro-positive,pro-positive
* Best,2,2797,0.08%,0.14137574764761687,5.79217801,,"5,792.18",1:52:00,2362,435,"-5,689.66584",anti-negative,anti-positive,pro-negative,pro-positive
* Best,3,2807,0.08%,0.1398676889586385,5.89085525,,"5,890.86",1:51:00,2370,437,"-5,786.78046",anti-negative,anti-positive,pro-negative,anti-positive
* Best,4,4210,0.10%,0.1584458178199622,31.45430100,,"31,454.30",1:53:00,2212,1998,"-30,967.47749",anti-negative,pro-negative,pro-negative,anti-negative
*,5,3031,0.06%,0.14287176236234045,3.50746276,,"3,507.46",1:57:00,918,2113,"-3,458.57698",pro-positive,pro-negative,anti-positive,pro-negative
*,6,1390,0.05%,0.0899201374041478,0.69895539,,698.96,2:03:00,931,459,-641.85927,pro-positive,anti-positive,pro-negative,pro-negative
*,7,2816,0.08%,0.14560396493809788,5.91007548,,"5,910.08",1:48:00,2375,441,"-5,802.65040",anti-negative,anti-positive,pro-negative,pro-negative
*,8,4964,-0.03%,0.0,-0.85920134,,-859.20,2:10:00,4693,271,695.81347,anti-positive,anti-positive,pro-negative,anti-positive
*,9,2491,0.03%,0.09252597934569431,0.70827049,,708.27,1:29:00,2051,440,-652.80074,anti-positive,anti-positive,pro-positive,anti-negative
*,10,3525,0.07%,0.14244919715002627,7.28592385,,"7,285.92",1:34:00,1374,2151,"-7,226.10308",anti-negative,pro-negative,pro-positive,pro-negative
*,11,4667,0.06%,0.12372025854434203,10.54130321,,"10,541.30",1:51:00,2447,2220,"-9,954.51341",pro-negative,anti-negative,anti-negative,anti-negative
*,12,3598,0.05%,0.12978870365991077,2.76939492,,"2,769.39",1:32:00,981,2617,"-2,623.15822",pro-positive,anti-negative,anti-negative,pro-negative
*,13,3210,0.03%,0.1114335990503763,1.18235907,,"1,182.36",1:07:00,1428,1782,"-1,051.98949",anti-negative,anti-negative,pro-positive,anti-positive
*,14,5106,-0.00%,0.008722442143054347,-0.49933066,,-499.33,2:20:00,3821,1285,438.65603,anti-positive,anti-negative,pro-negative,pro-positive
*,15,4029,0.05%,0.13067591784788601,5.09954909,,"5,099.55",1:38:00,1929,2100,"-5,034.12732",anti-positive,pro-negative,pro-positive,anti-negative
*,16,3322,0.03%,0.061700226173721,0.54362608,,543.63,2:16:00,2038,1284,-509.56038,anti-negative,pro-positive,anti-positive,anti-positive
*,17,1500,0.03%,0.14313966803652026,0.41282443,,412.82,1:30:00,1032,468,-358.92991,pro-positive,anti-positive,anti-negative,anti-positive
*,18,3528,0.05%,0.08401325628253804,2.49144616,,"2,491.45",2:12:00,1674,1854,"-2,362.61193",anti-positive,pro-negative,pro-positive,pro-positive
*,19,4947,-0.03%,0.0,-0.86273699,,-862.74,2:11:00,4677,270,700.18530,anti-positive,anti-positive,pro-negative,pro-positive
*,20,4000,0.06%,0.08775115478816847,4.43213491,,"4,432.13",2:15:00,1952,2048,"-4,295.81054",anti-negative,anti-negative,anti-positive,pro-negative
*,21,1919,0.03%,0.08474926738615562,0.62611483,,626.11,1:34:00,955,964,-512.53595,pro-positive,pro-negative,anti-positive,anti-positive
*,22,3638,0.02%,0.08955440333266859,0.66799329,,667.99,1:18:00,2056,1582,-600.93247,pro-negative,anti-negative,pro-positive,anti-positive
*,23,2594,0.03%,0.09046684760845716,0.41517178,,415.17,1:28:00,2150,444,-361.39056,pro-negative,anti-positive,pro-positive,pro-positive
*,24,3826,-0.03%,0.005270992090476924,-0.82203804,,-822.04,3:13:00,2973,853,658.60430,anti-positive,anti-negative,anti-positive,pro-positive
*,25,1498,0.03%,0.14288038270413028,0.37689469,,376.89,1:33:00,1032,466,-314.60261,pro-positive,anti-positive,anti-negative,pro-positive
*,26,3987,0.06%,0.12399959419405317,7.62224623,,"7,622.25",1:25:00,1372,2615,"-7,419.64771",anti-negative,anti-negative,pro-positive,pro-negative
*,27,3694,0.06%,0.12128109149727069,4.32982670,,"4,329.83",1:44:00,1302,2392,"-4,074.41807",anti-negative,anti-negative,pro-positive,anti-negative
*,28,3587,0.03%,0.010074661293142355,0.62744356,,627.44,3:17:00,535,3052,-587.67146,anti-negative,pro-positive,pro-positive,pro-positive
*,29,3928,0.03%,0.06802049601053796,1.31955559,,"1,319.56",1:46:00,2580,1348,"-1,242.22416",pro-negative,anti-negative,pro-negative,anti-positive
*,30,1372,0.05%,0.08692911011653513,0.60583218,,605.83,2:13:00,924,448,-537.24308,pro-positive,anti-positive,pro-negative,pro-positive
,31,4019,0.05%,0.04374561101744337,2.39833939,,"2,398.34",2:30:00,2143,1876,"-2,284.60728",pro-negative,anti-negative,anti-positive,pro-positive
,32,3709,0.04%,0.01898838860274456,1.44069903,,"1,440.70",2:41:00,2156,1553,"-1,368.64958",pro-negative,pro-negative,anti-positive,pro-positive
,33,2964,0.06%,0.1297045536586996,2.90654408,,"2,906.54",2:02:00,883,2081,"-2,745.69991",pro-positive,pro-negative,pro-negative,anti-negative
,34,2777,0.08%,0.13549189404543216,4.73665817,,"4,736.66",1:54:00,2357,420,"-4,648.74572",anti-negative,anti-positive,anti-negative,anti-negative
,35,5339,0.03%,0.010056265552875386,2.13131668,,"2,131.32",2:13:00,1463,3876,"-2,027.48183",pro-negative,pro-positive,anti-negative,anti-negative
,36,5171,0.04%,0.010048379175479776,3.06152416,,"3,061.52",2:17:00,1288,3883,"-2,897.74391",anti-negative,pro-positive,anti-negative,anti-negative
,37,4595,0.08%,0.13784401455370854,22.25089184,,"22,250.89",1:46:00,2596,1999,"-21,904.18278",pro-negative,pro-negative,anti-negative,anti-negative
,38,4193,0.03%,0.038591074177832856,1.14896460,,"1,148.96",2:18:00,2290,1903,"-1,078.90898",pro-negative,anti-negative,anti-positive,anti-negative
,39,3033,0.06%,0.03828741196717413,2.88007518,,"2,880.08",2:04:00,2646,387,"-2,766.06383",pro-negative,anti-positive,pro-negative,anti-negative
,40,3187,0.06%,0.1150245811038225,3.02928267,,"3,029.28",1:43:00,2767,420,"-2,903.38184",pro-negative,anti-positive,anti-negative,anti-negative
,41,5089,0.03%,0.01000100010001,1.67538330,,"1,675.38",2:21:00,1422,3667,"-1,569.18674",pro-negative,pro-positive,pro-negative,anti-negative
,42,5408,0.00%,0.0036547203488135733,-0.45073720,,-450.74,2:10:00,4240,1168,382.38388,anti-positive,pro-negative,anti-negative,anti-negative
,43,4344,0.09%,0.13731768580063664,24.04939991,,"24,049.40",1:58:00,2112,2232,"-23,669.59367",anti-negative,anti-negative,anti-negative,anti-negative
,44,5403,0.00%,0.007358264420421932,-0.45422596,,-454.23,2:12:00,4091,1312,385.48181,anti-positive,anti-negative,anti-negative,anti-negative
,45,3308,0.04%,0.12691909755260591,1.35355473,,"1,353.55",1:53:00,924,2384,"-1,218.30999",pro-positive,anti-negative,anti-negative,anti-negative
,46,5350,-0.01%,0.004186766460478934,-0.62343225,,-623.43,2:13:00,4055,1295,526.28393,anti-positive,anti-negative,pro-negative,anti-negative
,47,4404,0.06%,0.08372984007440983,6.05778902,,"6,057.79",2:03:00,2359,2045,"-5,786.09149",pro-negative,anti-negative,pro-negative,anti-negative
,48,4827,0.00%,0.009977633277346427,-0.25787047,,-257.87,2:19:00,567,4260,220.45919,pro-positive,pro-positive,pro-negative,anti-negative
,49,3834,0.06%,0.0727172403432556,5.20401141,,"5,204.01",2:26:00,1881,1953,"-5,007.51271",anti-negative,anti-negative,anti-positive,anti-negative
,50,4328,0.09%,0.13701117623276632,25.32692661,,"25,326.93",1:58:00,2104,2224,"-24,927.44418",anti-negative,anti-negative,pro-negative,anti-negative
,51,2445,0.05%,0.1067997195207556,1.73931378,,"1,739.31",1:03:00,1462,983,"-1,684.89862",anti-negative,pro-negative,pro-positive,anti-positive
,52,3713,0.07%,0.08691554306884651,5.98597063,,"5,985.97",2:24:00,1959,1754,"-5,872.86451",anti-negative,pro-negative,anti-positive,pro-negative
,53,4231,0.09%,0.16315973259186223,30.29782314,,"30,297.82",1:52:00,2222,2009,"-29,828.62536",anti-negative,pro-negative,anti-negative,pro-negative
,54,3101,0.06%,0.08460373704207834,3.67019821,,"3,670.20",2:14:00,1216,1885,"-3,477.31798",anti-negative,pro-negative,pro-positive,pro-positive
,55,3523,0.07%,0.14226956622677633,7.34174997,,"7,341.75",1:35:00,1374,2149,"-7,281.52187",anti-negative,pro-negative,pro-positive,anti-negative
,56,4713,0.03%,0.0100127919494492,0.95810153,,958.10,2:32:00,1213,3500,-915.42913,anti-negative,pro-positive,anti-positive,anti-negative
,57,3711,0.07%,0.08691554306884651,6.09014074,,"6,090.14",2:24:00,1959,1752,"-5,975.29626",anti-negative,pro-negative,anti-positive,anti-negative
,58,2764,0.08%,0.13185474592526886,5.44208215,,"5,442.08",1:56:00,2345,419,"-5,342.83975",anti-negative,anti-positive,pro-negative,anti-negative
,59,5219,0.01%,0.010036186297926138,-0.17278480,,-172.78,2:08:00,830,4389,143.98609,anti-negative,pro-positive,pro-positive,anti-negative
,60,1898,0.05%,0.11639516562008424,1.45948590,,"1,459.49",1:21:00,1453,445,"-1,409.70160",anti-negative,anti-positive,pro-positive,anti-negative
,61,3791,-0.04%,0.005071908902718394,-0.83833442,,-838.33,3:22:00,2231,1560,586.64485,anti-positive,pro-positive,anti-positive,anti-negative
,62,4883,0.00%,0.009905246243423824,-0.29660476,,-296.60,2:28:00,1439,3444,262.28527,pro-negative,pro-positive,anti-positive,pro-negative
,63,3502,0.06%,0.06448220018848991,3.86526893,,"3,865.27",1:49:00,2659,843,"-3,710.29981",pro-negative,pro-negative,pro-negative,anti-positive
,64,2810,0.08%,0.14703651971616266,5.03758442,,"5,037.58",1:51:00,2374,436,"-4,946.92173",anti-negative,anti-positive,anti-negative,pro-positive
,65,3817,0.05%,0.10799193126859856,4.18883115,,"4,188.83",1:40:00,2334,1483,"-4,069.16296",anti-negative,pro-positive,anti-negative,anti-positive
,66,3292,0.07%,0.11844007743035115,6.91718216,,"6,917.18",1:37:00,2378,914,"-6,805.79549",anti-negative,pro-negative,anti-negative,anti-positive
,67,5156,0.04%,0.01004685888705939,3.86939181,,"3,869.39",2:17:00,1280,3876,"-3,645.16203",anti-negative,pro-positive,pro-negative,anti-negative
,68,4228,0.09%,0.16073942769107524,30.01855436,,"30,018.55",1:52:00,2221,2007,"-29,553.58697",anti-negative,pro-negative,anti-negative,anti-negative
,69,5157,0.04%,0.010049387158250144,3.97824906,,"3,978.25",2:17:00,1279,3878,"-3,747.71105",anti-negative,pro-positive,pro-negative,pro-negative
,70,3802,0.06%,0.10735612776571501,4.86605011,,"4,866.05",1:41:00,2323,1479,"-4,786.39474",anti-negative,pro-positive,pro-negative,anti-positive
,71,3914,0.06%,0.11316449508153759,5.29705239,,"5,297.05",1:35:00,2302,1612,"-5,029.44312",anti-negative,anti-negative,pro-negative,anti-positive
,72,3639,0.05%,0.01005669095740183,2.93654068,,"2,936.54",3:21:00,785,2854,"-2,801.01705",anti-negative,pro-positive,pro-negative,pro-positive
Best,73,4213,0.10%,0.1600688987812028,31.75332932,,"31,753.33",1:53:00,2213,2000,"-31,261.96041",anti-negative,pro-negative,pro-negative,pro-negative
,74,3722,0.11%,0.10823975076744932,31.12900408,,"31,129.00",2:22:00,1961,1761,"-30,805.96117",anti-negative,pro-negative,anti-negative,pro-positive
,75,4599,0.08%,0.131278481505357,24.19640400,,"24,196.40",1:45:00,2209,2390,"-23,822.06809",anti-negative,anti-negative,pro-negative,pro-negative
,76,3711,0.11%,0.10535786770078698,30.63457138,,"30,634.57",2:23:00,1954,1757,"-30,316.67945",anti-negative,pro-negative,pro-negative,pro-positive
,77,5246,-0.02%,0.0,-0.82531348,,-825.31,2:05:00,4668,578,696.64228,anti-positive,pro-negative,pro-negative,anti-positive
,78,3138,0.05%,0.1623930700263677,2.87060686,,"2,870.61",1:44:00,983,2155,"-2,746.59959",pro-positive,pro-negative,anti-negative,pro-negative
,79,2750,0.05%,0.09086655494764603,1.89204157,,"1,892.04",2:28:00,859,1891,"-1,776.79238",pro-positive,pro-negative,anti-negative,pro-positive
,80,5375,-0.00%,0.0032232875301545423,-0.51662403,,-516.62,2:11:00,4222,1153,437.05495,anti-positive,pro-negative,pro-negative,pro-negative
,81,3276,0.08%,0.11380180621158682,7.69158728,,"7,691.59",1:38:00,2365,911,"-7,568.99052",anti-negative,pro-negative,pro-negative,anti-positive
,82,2830,0.08%,0.14937260864359825,5.22034039,,"5,220.34",1:46:00,2388,442,"-5,124.07600",anti-negative,anti-positive,anti-negative,pro-negative
,83,4616,0.08%,0.1327900616685429,24.54196204,,"24,541.96",1:44:00,2218,2398,"-24,162.38780",anti-negative,anti-negative,anti-negative,pro-negative
,84,5411,0.00%,0.004024091552402849,-0.44129137,,-441.29,2:10:00,4241,1170,374.29781,anti-positive,pro-negative,anti-negative,pro-negative
,85,4597,0.08%,0.13948877887543742,22.39144654,,"22,391.45",1:46:00,2596,2001,"-22,042.63275",pro-negative,pro-negative,anti-negative,pro-negative
,86,3395,0.01%,0.06963169712288804,-0.08493212,,-84.93,2:09:00,2019,1376,77.97608,anti-negative,anti-negative,anti-positive,anti-positive
,87,4454,0.08%,0.1138681595473221,17.29874969,,"17,298.75",2:04:00,2254,2200,"-16,386.97655",pro-negative,anti-negative,anti-negative,pro-positive
,88,4049,0.06%,0.11821865112787626,5.58393940,,"5,583.94",1:39:00,1976,2073,"-5,307.27710",pro-negative,pro-negative,pro-positive,pro-negative
,89,1429,0.03%,0.09719811045504287,0.30867732,,308.68,1:53:00,958,471,-252.51873,pro-positive,anti-positive,anti-positive,pro-negative
,90,4361,0.07%,0.09802223824835056,12.77283232,,"12,772.83",2:00:00,2470,1891,"-12,406.19298",pro-negative,pro-negative,pro-negative,pro-negative
,91,4926,0.01%,0.009989638870003559,-0.17113151,,-171.13,2:15:00,589,4337,147.41336,pro-positive,pro-positive,pro-positive,anti-negative
,92,2467,0.04%,0.048542568962463326,0.64717730,,647.18,2:35:00,2075,392,-612.82010,anti-negative,anti-positive,anti-positive,pro-negative
,93,3874,-0.05%,0.0007323700555831936,-0.91195014,,-911.95,3:10:00,3034,840,727.72202,anti-positive,anti-negative,anti-positive,anti-negative
,94,4928,0.01%,0.010000280975898725,-0.04391269,,-43.91,2:15:00,592,4336,37.82657,pro-positive,pro-positive,pro-positive,pro-negative
,95,1927,0.05%,0.12227396281591174,1.21320534,,"1,213.21",1:16:00,1464,463,"-1,149.47719",anti-negative,anti-positive,pro-positive,pro-positive
,96,4179,0.09%,0.1252967134374596,28.53317572,,"28,533.18",2:10:00,1959,2220,"-27,415.11513",anti-negative,anti-negative,anti-negative,pro-positive
,97,4206,0.04%,0.10156036447432881,2.80044137,,"2,800.44",1:34:00,2744,1462,"-2,674.69985",pro-negative,pro-positive,anti-negative,anti-positive
,98,4463,0.06%,0.1093236465373296,6.80446457,,"6,804.46",1:31:00,1975,2488,"-6,419.88110",pro-negative,anti-negative,pro-positive,pro-negative
,99,5280,0.02%,0.01001309243123518,0.32593279,,325.93,2:10:00,1075,4205,-264.68994,anti-positive,pro-positive,pro-positive,pro-negative
,100,1930,0.05%,0.12248680609373927,1.26783307,,"1,267.83",1:14:00,1465,465,"-1,215.05381",anti-negative,anti-positive,pro-positive,anti-positive
,101,3628,0.05%,0.10450179024538099,3.84553875,,"3,845.54",1:59:00,1211,2417,"-3,585.95038",anti-negative,anti-negative,pro-positive,pro-positive
,102,3733,0.02%,0.010035927066119539,0.19208729,,192.09,3:25:00,1448,2285,-176.92866,anti-positive,pro-positive,anti-negative,pro-positive
,103,3704,0.02%,0.010027493884132703,0.24705454,,247.05,3:27:00,1423,2281,-229.70793,anti-positive,pro-positive,pro-negative,pro-positive
,104,3349,-0.00%,0.010017993735099146,-0.39235770,,-392.36,3:49:00,1564,1785,285.28257,anti-positive,pro-positive,anti-positive,pro-positive
,105,2976,0.02%,0.027108484573378347,0.03876582,,38.77,2:21:00,2591,385,-35.90748,pro-negative,anti-positive,anti-positive,anti-positive
,106,3191,0.04%,0.07845057944971368,1.15046927,,"1,150.47",2:16:00,820,2371,"-1,039.21212",pro-positive,anti-negative,pro-positive,pro-positive
,107,4470,0.05%,0.1129880401648302,4.14460322,,"4,144.60",1:29:00,1929,2541,"-3,925.87510",anti-positive,anti-negative,pro-positive,pro-negative
,108,3837,-0.04%,0.0010909034386251402,-0.87588959,,-875.89,3:10:00,3072,765,703.38199,anti-positive,pro-negative,anti-positive,anti-negative
,109,3364,0.02%,0.010050491653837075,0.10309078,,103.09,3:31:00,378,2986,-91.77344,pro-positive,pro-positive,pro-negative,pro-positive
,110,3768,0.02%,0.0420841932778336,0.13023630,,130.24,2:07:00,2530,1238,-120.45220,pro-negative,pro-positive,anti-positive,anti-positive
,111,5528,-0.00%,0.006793606737135171,-0.50839035,,-508.39,2:08:00,4208,1320,428.92325,anti-positive,anti-negative,pro-negative,pro-negative
,112,3414,0.01%,0.010042523426043682,-0.07273042,,-72.73,3:27:00,382,3032,65.03590,pro-positive,pro-positive,pro-positive,pro-positive
,113,4163,0.10%,0.12107789429360451,28.44740591,,"28,447.41",2:11:00,1952,2211,"-27,378.35417",anti-negative,anti-negative,pro-negative,pro-positive
,114,4047,0.06%,0.11864507770433268,5.69959298,,"5,699.59",1:39:00,1976,2071,"-5,421.76263",pro-negative,pro-negative,pro-positive,anti-negative
,115,3595,0.02%,0.08989404734202083,0.62002861,,620.03,1:24:00,2088,1507,-539.49227,pro-negative,pro-positive,pro-positive,anti-positive
,116,3633,0.05%,0.010040180173255704,2.85260968,,"2,852.61",3:24:00,882,2751,"-2,727.30316",pro-negative,pro-positive,pro-negative,pro-positive
,117,2444,0.03%,0.08435651966158862,0.58209814,,582.10,1:45:00,905,1539,-498.06948,pro-positive,pro-positive,pro-negative,anti-positive
,118,4670,0.07%,0.09302839052254183,11.06085648,,"11,060.86",1:53:00,2450,2220,"-10,632.27655",pro-negative,anti-negative,pro-negative,pro-negative
,119,3526,0.05%,0.11766233637125127,3.77327571,,"3,773.28",1:39:00,940,2586,"-3,608.93642",pro-positive,anti-negative,pro-positive,pro-negative
,120,4996,-0.02%,0.0,-0.83345920,,-833.46,2:09:00,4721,275,675.50208,anti-positive,anti-positive,anti-negative,anti-positive
,121,3394,0.01%,0.010046443469948903,0.02154086,,21.54,3:29:00,379,3015,-19.11178,pro-positive,pro-positive,anti-positive,pro-positive
,122,3029,0.06%,0.14226956622677636,3.53765171,,"3,537.65",1:57:00,918,2111,"-3,488.45428",pro-positive,pro-negative,anti-positive,anti-negative
,123,4423,0.05%,0.07260053845399353,3.25349870,,"3,253.50",2:07:00,2412,2011,"-3,088.45667",pro-negative,anti-negative,anti-positive,pro-negative
,124,5331,-0.03%,0.0,-0.87063893,,-870.64,2:08:00,4455,876,745.00853,anti-positive,pro-positive,pro-negative,anti-positive
,125,4299,0.05%,0.11240786139943602,3.55876074,,"3,558.76",1:29:00,2706,1593,"-3,338.74003",pro-negative,anti-negative,anti-negative,anti-positive
,126,3712,0.06%,0.1053311432339178,5.66498110,,"5,664.98",1:29:00,2801,911,"-5,571.75274",pro-negative,pro-negative,anti-negative,anti-positive
,127,4962,-0.01%,0.0051699405101390695,-0.61582065,,-615.82,2:23:00,3855,1107,537.78987,anti-positive,pro-negative,anti-negative,pro-positive
,128,5581,0.00%,0.008707245282583232,-0.41596631,,-415.97,2:07:00,4241,1340,352.16901,anti-positive,anti-negative,anti-negative,pro-negative
,129,4979,-0.02%,0.0,-0.83601216,,-836.01,2:10:00,4705,274,679.06638,anti-positive,anti-positive,anti-negative,pro-positive
,130,3701,0.02%,0.09368453924907923,0.36669144,,366.69,1:15:00,2022,1679,-318.47089,anti-positive,anti-negative,pro-positive,anti-positive
,131,3136,0.05%,0.16216326207883952,2.89282846,,"2,892.83",1:44:00,983,2153,"-2,771.58242",pro-positive,pro-negative,anti-negative,anti-negative
,132,4831,0.01%,0.009999117720461725,-0.12757682,,-127.58,2:19:00,571,4260,109.09550,pro-positive,pro-positive,pro-negative,pro-negative
,133,3932,0.06%,0.11633273501949434,4.97860174,,"4,978.60",1:34:00,2313,1619,"-4,713.49163",anti-negative,anti-negative,anti-negative,anti-positive
,134,4083,0.04%,0.09868336708377212,2.14006884,,"2,140.07",1:46:00,1820,2263,"-1,988.04720",pro-negative,anti-negative,pro-positive,anti-negative
,135,4714,0.03%,0.010016197740769306,1.00361142,,"1,003.61",2:32:00,1212,3502,-959.38577,anti-negative,pro-positive,anti-positive,pro-negative
,136,3129,0.04%,0.09348068756539947,1.39849433,,"1,398.49",2:09:00,835,2294,"-1,266.53055",pro-positive,anti-negative,pro-negative,anti-negative
,137,5089,0.03%,0.010001000100010001,1.53210140,,"1,532.10",2:21:00,1419,3670,"-1,434.83059",pro-negative,pro-positive,pro-negative,pro-negative
,138,5221,0.01%,0.010038638272429396,-0.08449130,,-84.49,2:08:00,831,4390,70.40882,anti-negative,pro-positive,pro-positive,pro-negative
,139,4947,-0.02%,0.0,-0.82645765,,-826.46,2:10:00,4680,267,657.47333,anti-positive,anti-positive,anti-negative,anti-negative
,140,5257,0.01%,0.010008146895628331,-0.19125566,,-191.26,2:11:00,1114,4143,159.86316,pro-negative,pro-positive,pro-positive,anti-negative
,141,2623,0.03%,0.08645647221238933,0.46798442,,467.98,1:23:00,2168,455,-416.60474,pro-negative,anti-positive,pro-positive,pro-negative
,142,5371,-0.03%,0.0,-0.86638064,,-866.38,2:06:00,4474,897,742.01636,anti-positive,pro-positive,anti-negative,anti-positive
,143,5165,-0.02%,0.004551823784317796,-0.81826144,,-818.26,2:27:00,2522,2643,368.34901,anti-positive,pro-positive,anti-negative,anti-negative
,144,1943,0.05%,0.11830347082476948,1.20851596,,"1,208.52",1:09:00,1471,472,"-1,141.14030",anti-negative,anti-positive,pro-positive,pro-negative
,145,3496,-0.05%,0.0,-0.87664556,,-876.65,3:17:00,3317,179,736.15061,anti-positive,anti-positive,anti-positive,pro-negative
,146,2547,0.01%,0.0869998740981346,0.10203924,,102.04,1:35:00,901,1646,-83.56692,pro-positive,anti-negative,pro-negative,anti-positive
,147,1384,0.02%,0.06608428369669238,0.16724061,,167.24,2:10:00,938,446,-137.74272,pro-positive,anti-positive,anti-positive,anti-negative
,148,1412,0.03%,0.09290643714383677,0.20741616,,207.42,2:03:00,951,461,-167.90738,pro-positive,anti-positive,anti-positive,pro-positive
,149,4881,0.01%,0.009918949962452947,-0.22350989,,-223.51,2:28:00,1438,3443,199.28443,pro-negative,pro-positive,anti-positive,anti-negative
,150,2433,0.03%,0.02577506589479677,0.33756838,,337.57,2:43:00,2052,381,-316.41698,anti-negative,anti-positive,anti-positive,anti-negative
,151,5165,-0.02%,0.004551823784317796,-0.82062712,,-820.63,2:27:00,2521,2644,369.60227,anti-positive,pro-positive,anti-negative,pro-negative
,152,3838,-0.04%,0.0012148848250316219,-0.87475625,,-874.76,3:10:00,3073,765,702.60841,anti-positive,pro-negative,anti-positive,pro-negative
,153,3134,0.03%,0.06713817653232337,0.73613479,,736.13,2:22:00,798,2336,-661.37567,pro-positive,anti-negative,anti-positive,pro-positive
,154,3988,0.04%,0.09190759228373899,1.82635412,,"1,826.35",2:00:00,1666,2322,"-1,690.04229",anti-positive,anti-negative,pro-positive,pro-positive
,155,3057,0.05%,0.060734436641778175,2.08821113,,"2,088.21",2:02:00,2658,399,"-1,994.22835",pro-negative,anti-positive,pro-negative,pro-positive
,156,3942,0.05%,0.0833531149106394,3.10876867,,"3,108.77",2:03:00,1719,2223,"-2,893.10989",pro-negative,anti-negative,pro-positive,pro-positive
,157,2465,0.03%,0.04292504762202217,0.48978669,,489.79,2:38:00,2070,395,-462.35985,anti-negative,anti-positive,anti-positive,anti-positive
,158,5435,-0.02%,0.0,-0.82374583,,-823.75,2:03:00,4515,920,695.27034,anti-positive,anti-negative,pro-negative,anti-positive
,159,3811,0.02%,0.05578532972589442,0.04645716,,46.46,2:02:00,2502,1309,-42.90808,pro-negative,anti-negative,anti-positive,anti-positive
,160,3736,0.04%,0.010054318564682873,1.68169634,,"1,681.70",3:17:00,881,2855,"-1,602.35552",pro-negative,pro-positive,anti-negative,pro-positive
,161,3295,0.06%,0.030229895236219658,3.81566874,,"3,815.67",2:55:00,1734,1561,"-3,674.08122",anti-negative,pro-negative,anti-positive,pro-positive
,162,1414,0.03%,0.09489941008353991,0.23192865,,231.93,2:00:00,951,463,-189.30930,pro-positive,anti-positive,anti-positive,anti-positive
,163,2624,0.00%,0.086636355483142,-0.12685998,,-126.86,1:30:00,924,1700,88.48261,pro-positive,anti-negative,anti-positive,anti-positive
,164,1953,0.04%,0.08797731695074257,0.94682378,,946.82,1:24:00,978,975,-824.37019,pro-positive,pro-negative,pro-positive,anti-positive
,165,4987,-0.02%,0.0,-0.81820384,,-818.20,2:09:00,4717,270,655.05063,anti-positive,anti-positive,pro-negative,pro-negative
,166,1436,0.04%,0.1029477965875693,0.47989321,,479.89,1:50:00,975,461,-410.86177,pro-positive,anti-positive,pro-positive,pro-positive
,167,4128,0.04%,0.10734556503593934,2.03856871,,"2,038.57",1:46:00,1816,2312,"-1,869.31246",anti-positive,anti-negative,pro-positive,anti-negative
,168,1516,0.03%,0.14288038255203778,0.47941710,,479.42,1:24:00,1040,476,-422.45560,pro-positive,anti-positive,anti-negative,pro-negative
,169,1438,0.04%,0.10679463366113197,0.50707322,,507.07,1:47:00,975,463,-446.62820,pro-positive,anti-positive,pro-positive,anti-positive
,170,1453,0.04%,0.10782153315422308,0.57270454,,572.70,1:41:00,982,471,-490.54050,pro-positive,anti-positive,pro-positive,pro-negative
,171,4922,-0.01%,0.0039519130871807345,-0.61599650,,-616.00,2:25:00,3826,1096,537.43607,anti-positive,pro-negative,pro-negative,pro-positive
,172,3184,0.03%,0.0926732140481998,1.00643393,,"1,006.43",2:05:00,858,2326,-879.01867,pro-positive,anti-negative,anti-positive,anti-negative
,173,3035,0.04%,0.09299928990804718,1.33149613,,"1,331.50",1:13:00,2072,963,"-1,210.36676",anti-positive,pro-negative,pro-positive,anti-positive
,174,4149,0.05%,0.06586129156965487,3.35287550,,"3,352.88",2:14:00,2419,1730,"-3,243.13982",pro-negative,pro-negative,anti-positive,pro-negative
,175,1468,0.03%,0.13339217377848367,0.41375836,,413.76,1:39:00,1019,449,-363.78627,pro-positive,anti-positive,anti-negative,anti-negative
,176,3090,0.03%,0.08665672425415476,0.74493988,,744.94,1:16:00,2152,938,-694.54930,pro-negative,pro-negative,pro-positive,anti-positive
,177,3076,0.06%,0.14578879101467554,3.98885798,,"3,988.86",1:51:00,942,2134,"-3,934.90398",pro-positive,pro-negative,pro-positive,anti-negative
,178,5119,-0.03%,0.0024144889988548936,-0.85042100,,-850.42,2:28:00,2484,2635,382.44752,anti-positive,pro-positive,pro-negative,pro-negative
,179,4149,0.05%,0.06586129156965487,3.52798839,,"3,527.99",2:14:00,2421,1728,"-3,413.33215",pro-negative,pro-negative,anti-positive,anti-negative
,180,2929,0.01%,0.009999976905185453,-0.15935473,,-159.35,2:25:00,2556,373,146.01180,pro-negative,anti-positive,anti-positive,anti-negative
,181,1349,0.04%,0.05592057853092302,0.52900156,,529.00,2:19:00,912,437,-479.17888,pro-positive,anti-positive,pro-negative,anti-negative
,182,3238,0.04%,0.10129376226622593,1.40264450,,"1,402.64",2:00:00,885,2353,"-1,253.14435",pro-positive,anti-negative,pro-positive,anti-negative
,183,2535,0.02%,0.0918034421459286,0.50063307,,500.63,1:33:00,952,1583,-414.52152,pro-positive,pro-positive,pro-positive,anti-positive
,184,2770,0.01%,0.11585754878238369,0.03397382,,33.97,1:15:00,1006,1764,-26.92774,pro-positive,anti-negative,anti-negative,anti-positive
,185,2994,0.02%,0.02052996547869561,0.02995272,,29.95,2:18:00,2608,386,-27.72971,pro-negative,anti-positive,anti-positive,pro-negative
,186,3088,0.04%,0.07339332517342984,1.40093065,,"1,400.93",2:25:00,787,2301,"-1,278.69196",pro-positive,anti-negative,pro-negative,pro-positive
,187,3958,0.03%,0.06976045504658193,1.22385448,,"1,223.85",1:51:00,2604,1354,"-1,156.52108",pro-negative,pro-positive,pro-negative,anti-positive
,188,3258,0.06%,0.1231645580149213,3.99431151,,"3,994.31",1:36:00,2815,443,"-3,917.94393",pro-negative,anti-positive,anti-negative,pro-negative
,189,2531,0.03%,0.0975752328551622,0.86860217,,868.60,1:26:00,2075,456,-791.22601,anti-positive,anti-positive,pro-positive,pro-positive
,190,3395,0.05%,0.10943219844383441,2.75211532,,"2,752.12",1:48:00,885,2510,"-2,578.31168",pro-positive,anti-negative,pro-negative,pro-negative
,191,5149,0.00%,0.00957317568867522,-0.37350059,,-373.50,2:19:00,3841,1308,328.14217,anti-positive,anti-negative,anti-negative,pro-positive
,192,2495,0.02%,0.08956507523960178,0.34129263,,341.29,1:40:00,928,1567,-278.07984,pro-positive,pro-positive,anti-positive,anti-positive
,193,3893,0.08%,0.039141053844494234,10.81923518,,"10,819.24",2:26:00,2208,1685,"-10,448.55598",pro-negative,pro-negative,pro-negative,pro-positive
,194,4358,0.07%,0.0974625577569642,12.73415788,,"12,734.16",2:00:00,2469,1889,"-12,368.98471",pro-negative,pro-negative,pro-negative,anti-negative
,195,3683,0.05%,0.06127233472055662,2.74203999,,"2,742.04",2:39:00,1740,1943,"-2,602.67130",anti-negative,anti-negative,anti-positive,pro-positive
,196,2011,0.03%,0.11866150373282605,0.66815524,,668.16,1:12:00,1033,978,-614.68812,pro-positive,pro-negative,anti-negative,anti-positive
,197,5342,0.03%,0.010062481884266866,2.36597460,,"2,365.97",2:13:00,1464,3878,"-2,238.59265",pro-negative,pro-positive,anti-negative,pro-negative
,198,2672,0.01%,0.09094877040018082,0.12971130,,129.71,1:23:00,946,1726,-95.95440,pro-positive,anti-negative,pro-positive,anti-positive
,199,2966,0.06%,0.1298126915152012,2.88105079,,"2,881.05",2:02:00,883,2083,"-2,717.79467",pro-positive,pro-negative,pro-negative,pro-negative
,200,2542,0.02%,0.08109742715750752,0.26820503,,268.21,1:31:00,2115,427,-238.11505,pro-negative,anti-positive,pro-positive,anti-negative
,201,3835,-0.06%,0.0,-0.94256724,,-942.57,3:04:00,3242,593,771.87696,anti-positive,anti-negative,anti-positive,anti-positive
,202,3476,0.05%,0.010057937138402046,2.95686221,,"2,956.86",3:32:00,739,2737,"-2,790.73595",anti-negative,pro-positive,anti-positive,pro-positive
,203,5274,-0.02%,0.0,-0.76863727,,-768.64,2:04:00,4688,586,651.10176,anti-positive,pro-negative,anti-negative,anti-positive
,204,5172,0.04%,0.010051187338363523,3.14444804,,"3,144.45",2:17:00,1287,3885,"-2,976.23168",anti-negative,pro-positive,anti-negative,pro-negative
,205,4015,0.09%,0.10635678952510634,24.68808765,,"24,688.09",2:14:00,2260,1755,"-23,921.04055",pro-negative,pro-negative,anti-negative,pro-positive
,206,2965,0.01%,0.018936870392546375,-0.10006802,,-100.07,2:22:00,2581,384,91.87006,pro-negative,anti-positive,anti-positive,pro-positive
,207,3231,0.06%,0.12227396281591177,3.28056504,,"3,280.57",1:41:00,2797,434,"-3,155.78810",pro-negative,anti-positive,anti-negative,pro-positive
,208,1374,0.05%,0.08869559246957966,0.63915587,,639.16,2:10:00,924,450,-575.99723,pro-positive,anti-positive,pro-negative,anti-positive
,209,3078,0.06%,0.1467262368258752,3.94805518,,"3,948.06",1:51:00,942,2136,"-3,894.52526",pro-positive,pro-negative,pro-positive,pro-negative
,210,3379,0.02%,0.03790087340749841,0.22148565,,221.49,2:07:00,2593,786,-206.72071,pro-negative,pro-negative,anti-positive,anti-positive
,211,2535,0.03%,0.09796670399328485,0.90557347,,905.57,1:24:00,2077,458,-832.95037,anti-positive,anti-positive,pro-positive,anti-positive
,212,3445,-0.00%,0.01004624583037004,-0.39252602,,-392.53,3:24:00,391,3054,344.26208,pro-positive,pro-positive,anti-negative,pro-positive
,213,5480,-0.02%,0.0,-0.77356118,,-773.56,2:02:00,4537,943,653.38085,anti-positive,anti-negative,anti-negative,anti-positive
,214,3914,-0.04%,0.0015978156579210048,-0.88413946,,-884.14,3:07:00,3061,853,709.00746,anti-positive,anti-negative,anti-positive,pro-negative
,215,3567,0.02%,0.09465796539612092,0.85844352,,858.44,1:22:00,2021,1546,-780.13917,anti-positive,pro-positive,pro-positive,anti-positive
,216,5014,0.00%,0.01002134954716696,-0.29158399,,-291.58,2:12:00,619,4395,249.71039,pro-positive,pro-positive,anti-negative,pro-negative
,217,3506,-0.06%,0.0,-0.91627607,,-916.28,3:17:00,3321,185,762.50979,anti-positive,anti-positive,anti-positive,anti-positive
,218,2663,0.06%,0.034224078412178435,2.04986747,,"2,049.87",2:42:00,803,1860,"-1,922.84433",pro-positive,pro-negative,anti-positive,pro-positive
,219,3618,0.04%,0.010043085946393717,1.41127330,,"1,411.27",3:25:00,891,2727,"-1,329.73663",pro-negative,pro-positive,anti-positive,pro-positive
,220,5372,-0.00%,0.0025734878448398935,-0.52533832,,-525.34,2:11:00,4221,1151,444.52004,anti-positive,pro-negative,pro-negative,anti-negative
,221,4912,-0.02%,0.0,-0.84143782,,-841.44,2:12:00,4649,263,669.02250,anti-positive,anti-positive,pro-negative,anti-negative
,222,3715,-0.05%,0.0,-0.91258616,,-912.59,3:08:00,3315,400,750.00298,anti-positive,pro-negative,anti-positive,anti-positive
,223,3495,-0.05%,0.0,-0.90647617,,-906.48,3:18:00,3311,184,758.58446,anti-positive,anti-positive,anti-positive,anti-negative
,224,3652,0.05%,0.010056256467523316,3.07210413,,"3,072.10",3:21:00,791,2861,"-2,934.18675",anti-negative,pro-positive,anti-negative,pro-positive
,225,5118,-0.03%,0.00242302156664858,-0.84491404,,-844.91,2:28:00,2485,2633,382.19694,anti-positive,pro-positive,pro-negative,anti-negative
,226,5262,0.01%,0.010012359480516538,-0.17944151,,-179.44,2:11:00,1117,4145,149.98817,pro-negative,pro-positive,pro-positive,pro-negative
,227,5278,0.01%,0.01001223090121892,0.27581357,,275.81,2:10:00,1074,4204,-223.98813,anti-positive,pro-positive,pro-positive,anti-negative
,228,1869,0.04%,0.07683176321310381,0.90339115,,903.39,1:41:00,925,944,-826.23588,pro-positive,pro-negative,pro-negative,anti-positive
,229,3241,0.06%,0.12227396281591177,3.47970681,,"3,479.71",1:39:00,2805,436,"-3,351.58739",pro-negative,anti-positive,anti-negative,anti-positive
,230,4874,0.01%,0.010001000100010001,0.06475243,,64.75,2:17:00,576,4298,-54.97746,pro-positive,pro-positive,anti-positive,anti-negative
,231,3474,0.05%,0.11371940686250231,3.20360266,,"3,203.60",1:44:00,916,2558,"-3,060.76014",pro-positive,anti-negative,anti-positive,pro-negative
,232,3068,0.05%,0.06087207277746978,2.18881630,,"2,188.82",2:01:00,2667,401,"-2,090.89439",pro-negative,anti-positive,pro-negative,anti-positive
,233,3084,0.05%,0.0607088922042886,2.24325981,,"2,243.26",1:58:00,2672,412,"-2,145.30080",pro-negative,anti-positive,pro-negative,pro-negative
,234,3644,0.03%,0.010075096012093455,0.96983593,,969.84,3:18:00,683,2961,-892.91283,anti-positive,pro-positive,pro-positive,pro-positive
,235,2637,0.01%,0.10579673600444213,0.20098957,,200.99,1:23:00,1011,1626,-165.16493,pro-positive,pro-positive,anti-negative,anti-positive
,241,4031,0.05%,0.13120656218465834,5.05366219,,"5,053.66",1:38:00,1929,2102,"-4,988.75644",anti-positive,pro-negative,pro-positive,pro-negative
,242,4876,0.01%,0.010003669851623868,0.23856488,,238.56,2:17:00,579,4297,-202.55134,pro-positive,pro-positive,anti-positive,pro-negative
,243,3792,-0.05%,0.0006186478363513965,-0.89258158,,-892.58,3:08:00,3203,589,758.68366,anti-positive,pro-positive,anti-positive,anti-positive
,244,3793,-0.04%,0.005093507023934974,-0.83895958,,-838.96,3:22:00,2232,1561,586.99083,anti-positive,pro-positive,anti-positive,pro-negative
,245,3572,0.05%,0.05701303734529419,2.81022584,,"2,810.23",2:12:00,1744,1828,"-2,625.51332",pro-negative,pro-negative,pro-positive,pro-positive
,246,4181,0.08%,0.06685442762724748,13.52612282,,"13,526.12",2:18:00,2207,1974,"-12,971.70660",pro-negative,anti-negative,pro-negative,pro-positive
,247,2820,0.08%,0.1470276715547894,5.12066864,,"5,120.67",1:49:00,2382,438,"-5,028.69932",anti-negative,anti-positive,anti-negative,anti-positive
,248,2551,0.03%,0.09915189625105288,0.85721445,,857.21,1:21:00,2085,466,-772.21193,anti-positive,anti-positive,pro-positive,pro-negative
,249,5011,0.00%,0.010018294480693128,-0.35677716,,-356.78,2:12:00,617,4394,303.92713,pro-positive,pro-positive,anti-negative,anti-negative
